Company,Actions,Industry,Links,Product/Service Category,Business Type,Employees count,Revenue,Year Founded,BBB Rating,Street,City,State,Company Phone,Company Email,Source,Created Date,Updated
Horn and Sons,Unqualified,Information Technology,https://everett-ochoa.com,Hardware,B2B2C,613,$750M,2017,B,0074 Juarez Village Apt. 593,Martinezport,RI,001-655-536-6391x687,msimpson@example.org,CrunchBase,2025-01-06,2025-05-09
XYZ Comapany,New,Invalid industry,http://xyzlink,Soap,B2B,-1,NA,1800,NR,,Nomad,Dumpling,0,xyz@email,Unknown,2023-06-27,2023-09-20
Conley LLC,New,"Designer, multimedia",https://jackson.biz,Hardware,B2B,3617,$1344M,2024,B,7211 Mitchell Streets,Jamieview,CO,947-600-0997,sandra17@example.org,Apollo,2025-04-08,2025-06-11
XYZ Comapany,New,Invalid industry,http://xyzlink,Soap,B2B,-1,NA,1800,NR,,Nomad,Dumpling,0,xyz@email,Unknown,2022-07-23,2024-05-20
"Griffin, Hernandez and Garner",Unqualified,Information Technology,https://bell.com,Investment Banking,B2B2C,2957,$2447M,1998,C,2071 Turner Road,Waterston,MT,001-801-967-4828x87425,tsims@example.org,LinkedIn,2023-08-29,2024-12-28
XYZ Comapany,New,Invalid industry,http://xyzlink,Soap,B2B,-1,NA,1800,NR,,Nomad,Dumpling,0,xyz@email,Unknown,2023-04-21,2023-10-12
Foley PLC,Contacted,"Surveyor, land/geomatics",https://russell.info,Software,B2B2C,1880,$3746M,2006,A,3793 Ryan Plain,South Laurie,HI,+1-397-348-0542x7434,qnelson@example.net,Apollo,2024-05-15,2024-08-01
XYZ Comapany,New,Invalid industry,http://xyzlink,Soap,B2B,-1,NA,1800,NR,,Nomad,Dumpling,0,xyz@email,Unknown,2022-09-21,2024-01-12
"Herring, Serrano and Orr",Unqualified,Information Technology,https://reynolds-ewing.info,Services,B2B2C,3145,$4618M,2020,B,1185 Carol Via,Port Sarah,OR,359.728.2052x65829,joanncohen@example.org,Apollo,2025-02-02,2025-05-01
XYZ Comapany,New,Invalid industry,http://xyzlink,Soap,B2B,-1,NA,1800,NR,,Nomad,Dumpling,0,xyz@email,Unknown,2023-05-28,2024-05-31
Jenkins Group,Qualified,Information Technology,https://williams.org,Hardware,B2B,1694,$4026M,2002,C,969 Jenkins Inlet Apt. 344,Francestown,MH,4693463778,scottherrera@example.org,LinkedIn,2025-01-02,2025-02-04
XYZ Comapany,New,Invalid industry,http://xyzlink,Soap,B2B,-1,NA,1800,NR,,Nomad,Dumpling,0,xyz@email,Unknown,2023-01-16,2024-06-02
"Diaz, Smith and Olson",New,Information Technology,https://mayer-hill.info,Investment Banking,B2B2C,3760,$111M,1989,C,660 Monica Garden,New Scott,WA,458-291-5766,truiz@example.com,Growjo,2024-07-04,2025-04-26
XYZ Comapany,New,Invalid industry,http://xyzlink,Soap,B2B,-1,NA,1800,NR,,Nomad,Dumpling,0,xyz@email,Unknown,2023-04-04,2024-04-01
"Mclaughlin, Winters and Johnson",New,Information Technology,https://clark-turner.biz,Software,B2B2C,2910,$3310M,1978,C,2794 Wood Glens Suite 648,New Tinashire,CA,688.649.9542x97817,alanjohnson@example.net,Growjo,2024-01-31,2024-04-16
XYZ Comapany,New,Invalid industry,http://xyzlink,Soap,B2B,-1,NA,1800,NR,,Nomad,Dumpling,0,xyz@email,Unknown,2022-08-03,2024-06-06
Tate Inc,New,Information Technology,https://meyer-ross.com,Services,B2B,433,$4148M,2008,B,57081 Tina Street,West Cynthia,NY,(869)234-5490x2015,marcusestrada@example.com,CrunchBase,2024-04-20,2024-11-26
XYZ Comapany,New,Invalid industry,http://xyzlink,Soap,B2B,-1,NA,1800,NR,,Nomad,Dumpling,0,xyz@email,Unknown,2023-06-01,2023-09-15
Ellis-Wood,Contacted,Information Technology,https://rios.com,Investment Banking,B2B,3803,$4319M,1998,A,712 Jeanette Squares Apt. 373,Lake Vincentton,AR,+1-291-346-8944x83133,jacksonsue@example.net,CrunchBase,2024-06-04,2025-01-23
XYZ Comapany,New,Invalid industry,http://xyzlink,Soap,B2B,-1,NA,1800,NR,,Nomad,Dumpling,0,xyz@email,Unknown,2022-11-21,2023-08-19
Collins-Jones,Qualified,Information Technology,https://green-hines.com,Software,B2B,3302,$1793M,1976,A+,48586 Hoffman Stravenue,Atkinsside,TN,(864)704-2021x62966,tristan47@example.net,LinkedIn,2024-11-22,2025-02-08
XYZ Comapany,New,Invalid industry,http://xyzlink,Soap,B2B,-1,NA,1800,NR,,Nomad,Dumpling,0,xyz@email,Unknown,2023-05-23,2024-03-31
"Hogan, Green and Reyes",Unqualified,"Administrator, sports",https://mcdowell-barrett.com,Software,B2B2C,941,$4008M,1992,C,1855 Terri Mall,Reedville,IA,+1-786-270-5633,mcneilthomas@example.org,Apollo,2024-09-01,2025-06-15
XYZ Comapany,New,Invalid industry,http://xyzlink,Soap,B2B,-1,NA,1800,NR,,Nomad,Dumpling,0,xyz@email,Unknown,2022-12-08,2024-04-06
Stevenson-Silva,Contacted,"Designer, fashion/clothing",https://campos.com,Services,B2B2C,1583,$4963M,2025,B,0768 Anderson Rue Apt. 951,Port Carlosfurt,AS,+1-211-245-5443x576,speters@example.com,LinkedIn,2024-12-02,2024-12-31
XYZ Comapany,New,Invalid industry,http://xyzlink,Soap,B2B,-1,NA,1800,NR,,Nomad,Dumpling,0,xyz@email,Unknown,2022-10-21,2024-05-29
Jacobs-Hernandez,New,"Clinical scientist, histocompatibility and immunogenetics",https://atkinson-schultz.com,Software,B2B2C,1039,$1937M,2018,C,9903 Oneill Track Suite 718,East Gina,MT,646.436.5830,jonathonlopez@example.org,LinkedIn,2025-05-29,2025-06-14
XYZ Comapany,New,Invalid industry,http://xyzlink,Soap,B2B,-1,NA,1800,NR,,Nomad,Dumpling,0,xyz@email,Unknown,2023-05-29,2024-01-17
Cohen-Blevins,New,Information Technology,https://johnson.net,Hardware,B2B,3923,$242M,2001,A,590 Johnson Mountain,New Adamberg,TX,(573)309-9785x994,mli@example.com,CrunchBase,2024-01-23,2024-04-18
XYZ Comapany,New,Invalid industry,http://xyzlink,Soap,B2B,-1,NA,1800,NR,,Nomad,Dumpling,0,xyz@email,Unknown,2022-08-14,2024-02-07
"Kaufman, Hughes and Kim",Unqualified,Fine artist,https://martinez-davis.com,Hardware,B2B,375,$996M,1992,A,35295 Patricia Bypass Suite 488,East Sarah,KY,001-276-987-6800x63308,yhansen@example.org,Growjo,2023-07-13,2025-04-17
XYZ Comapany,New,Invalid industry,http://xyzlink,Soap,B2B,-1,NA,1800,NR,,Nomad,Dumpling,0,xyz@email,Unknown,2023-05-02,2024-03-25
Mcbride Group,Unqualified,Information Technology,https://zavala.com,Investment Banking,B2B,615,$751M,2003,NR,307 Matthew Vista Suite 703,Harrisborough,AL,001-847-444-6331x813,kenneth58@example.net,CrunchBase,2025-05-21,2025-06-19
XYZ Comapany,New,Invalid industry,http://xyzlink,Soap,B2B,-1,NA,1800,NR,,Nomad,Dumpling,0,xyz@email,Unknown,2022-10-25,2024-04-16
"Cantu, Ramos and Jenkins",Qualified,Information Technology,https://garcia.info,Consulting,B2B2C,771,$3861M,1996,A,06757 Flowers Shoals Apt. 517,North Matthew,NJ,2959897600,jennifer20@example.net,Apollo,2024-12-24,2025-02-02
XYZ Comapany,New,Invalid industry,http://xyzlink,Soap,B2B,-1,NA,1800,NR,,Nomad,Dumpling,0,xyz@email,Unknown,2023-05-26,2023-11-06
"Reed, James and Jackson",Qualified,Information Technology,https://larson.com,Hardware,B2B,3713,$2419M,1989,C,0860 Santana River,New Courtneyburgh,AL,4445718929,staceyburgess@example.net,Apollo,2025-03-11,2025-05-04
XYZ Comapany,New,Invalid industry,http://xyzlink,Soap,B2B,-1,NA,1800,NR,,Nomad,Dumpling,0,xyz@email,Unknown,2022-10-21,2023-12-09
Oliver Inc,Contacted,Information Technology,https://taylor.com,Services,B2B2C,4558,$2521M,1989,A,6184 Debbie Bypass Apt. 497,Margaretview,HI,2543239238,nathanielcampbell@example.net,Growjo,2024-05-25,2025-03-09
XYZ Comapany,New,Invalid industry,http://xyzlink,Soap,B2B,-1,NA,1800,NR,,Nomad,Dumpling,0,xyz@email,Unknown,2023-01-05,2024-03-19
Phelps-Jones,Qualified,Ranger/warden,https://dawson.org,Hardware,B2B,3561,$1313M,2025,A,4534 Sandra Circles Suite 780,Port Colleen,MI,+1-591-261-9201x23506,josephlisa@example.net,LinkedIn,2025-06-23,2025-06-24
XYZ Comapany,New,Invalid industry,http://xyzlink,Soap,B2B,-1,NA,1800,NR,,Nomad,Dumpling,0,xyz@email,Unknown,2023-05-05,2024-03-20
Juarez Inc,Contacted,Stage manager,https://hill.biz,Services,B2B,2875,$310M,1986,C,085 Reed Ports,Leonardport,NY,807-347-2570x76247,theresa16@example.com,LinkedIn,2024-04-18,2025-06-18
XYZ Comapany,New,Invalid industry,http://xyzlink,Soap,B2B,-1,NA,1800,NR,,Nomad,Dumpling,0,xyz@email,Unknown,2023-04-27,2023-08-25
Freeman-Conley,New,Information Technology,https://mills.com,Investment Banking,B2B2C,2084,$3742M,1991,C,8548 Lisa Fort Suite 832,Martinezberg,AL,269.306.7645,dolsen@example.org,LinkedIn,2024-10-21,2024-12-26
XYZ Comapany,New,Invalid industry,http://xyzlink,Soap,B2B,-1,NA,1800,NR,,Nomad,Dumpling,0,xyz@email,Unknown,2023-02-20,2023-09-12
Jackson and Sons,Unqualified,Community arts worker,https://williams.biz,Hardware,B2B2C,1910,$4075M,1985,NR,41353 Jennifer Rest Suite 295,Franklinport,PA,266.531.6531x692,aaron14@example.com,Growjo,2024-10-14,2025-01-04
XYZ Comapany,New,Invalid industry,http://xyzlink,Soap,B2B,-1,NA,1800,NR,,Nomad,Dumpling,0,xyz@email,Unknown,2022-12-10,2023-08-13
"Baker, Morris and Wagner",Contacted,Information Technology,https://mosley.com,Software,B2B2C,1587,$914M,2003,C,37044 Lopez Field Suite 056,New Christinetown,MI,931.667.5112,chamberslydia@example.net,Apollo,2024-01-20,2025-01-14
XYZ Comapany,New,Invalid industry,http://xyzlink,Soap,B2B,-1,NA,1800,NR,,Nomad,Dumpling,0,xyz@email,Unknown,2022-07-28,2024-04-03
